{
	"camera":	{
		"x":	20.651781177362427,
		"y":	2,
		"z":	61.889627293413163
	}
}