{
	"camera":	{
		"x":	25.017161224308634,
		"y":	24.299999766051769,
		"z":	70.9606854993503
	}
}